title,path
2014 AMA Supercross Rd 10 Daytona,E:\AMASupercross\2014 AMA Supercross Rd 10 Daytona.mp4
2014 AMA Supercross Rd 13 St Louis,E:\AMASupercross\2014 AMA Supercross Rd 13 St Louis.mp4
2014 AMA Supercross Rd 14 Houston,E:\AMASupercross\2014 AMA Supercross Rd 14 Houston.mp4
2014 AMA Supercross Rd 15 Seattle,E:\AMASupercross\2014 AMA Supercross Rd 15 Seattle.mp4
2014 AMA Supercross Rd 9 Indianapolis Part 2,E:\AMASupercross\2014 AMA Supercross Rd 9 Indianapolis Part 2.mp4
2014 AMA Supercross Rd 9 Part 1,E:\AMASupercross\2014 AMA Supercross Rd 9 Part 1.mp4
2015 AMA Supercross Rd 14 Houston,E:\AMASupercross\2015 AMA Supercross Rd 14 Houston.mp4
2015 AMA Supercross Rd 15 Santa Clara,E:\AMASupercross\2015 AMA Supercross Rd 15 Santa Clara.mp4
2015 AMA Supercross Rd 16 New Jersey,E:\AMASupercross\2015 AMA Supercross Rd 16 New Jersey.mp4
2017 AMA Supercross Rd 10 Daytona,E:\AMASupercross\2017 AMA Supercross Rd 10 Daytona.mp4
